{
  "DOGE/USDT": {
    "random_forest": {
      "accuracy": 0.8047808764940239,
      "auc": 0.915431799357154,
      "cv_score": 0.8047808764940239,
      "cv_std": 0.0
    },
    "gradient_boosting": {
      "accuracy": 0.8087649402390438,
      "auc": 0.9083247822424664,
      "cv_score": 0.8087649402390438,
      "cv_std": 0.0
    },
    "neural_network": {
      "accuracy": 0.796812749003984,
      "auc": 0.9013582222457508,
      "cv_score": 0.796812749003984,
      "cv_std": 0.0
    }
  }
}